team_a,team_a_name,team_b,team_b_name,is_team_a_win
1163,Connecticut,1163,Connecticut,1
1235,Iowa St,1163,Connecticut,0
1228,Illinois,1163,Connecticut,0
1163,Connecticut,1120,Auburn,1
1361,San Diego St,1163,Connecticut,0
1163,Connecticut,1140,BYU,1
1450,Washington St,1163,Connecticut,0
1194,FL Atlantic,1163,Connecticut,0
1321,Northwestern,1163,Connecticut,0
1179,Drake,1163,Connecticut,0
1182,Duquesne,1163,Connecticut,0
1412,UAB,1163,Connecticut,0
1463,Yale,1163,Connecticut,1
1287,Morehead St,1163,Connecticut,0
1355,S Dakota St,1163,Connecticut,0
1391,Stetson,1163,Connecticut,0
1314,North Carolina,1163,Connecticut,0
1163,Connecticut,1112,Arizona,1
1163,Connecticut,1124,Baylor,1
1163,Connecticut,1104,Alabama,1
1388,St Mary's CA,1163,Connecticut,0
1163,Connecticut,1155,Clemson,1
1173,Dayton,1163,Connecticut,0
1280,Mississippi St,1163,Connecticut,0
1277,Michigan St,1163,Connecticut,0
1305,Nevada,1163,Connecticut,0
1307,New Mexico,1163,Connecticut,0
1213,Grand Canyon,1163,Connecticut,0
1163,Connecticut,1158,Col Charleston,1
1163,Connecticut,1159,Colgate,1
1253,Long Beach St,1163,Connecticut,0
1224,Howard,1163,Connecticut,0
1345,Purdue,1163,Connecticut,1
1397,Tennessee,1163,Connecticut,0
1166,Creighton,1163,Connecticut,0
1242,Kansas,1163,Connecticut,1
1211,Gonzaga,1163,Connecticut,0
1376,South Carolina,1163,Connecticut,0
1400,Texas,1163,Connecticut,1
1429,Utah St,1163,Connecticut,0
1395,TCU,1163,Connecticut,0
1163,Connecticut,1161,Colorado St,1
1332,Oregon,1163,Connecticut,0
1270,McNeese St,1163,Connecticut,0
1359,Samford,1163,Connecticut,0
1163,Connecticut,1103,Akron,1
1389,St Peter's,1163,Connecticut,0
1212,Grambling,1163,Connecticut,0
1222,Houston,1163,Connecticut,1
1266,Marquette,1163,Connecticut,1
1246,Kentucky,1163,Connecticut,0
1181,Duke,1163,Connecticut,1
1458,Wisconsin,1163,Connecticut,0
1403,Texas Tech,1163,Connecticut,0
1196,Florida,1163,Connecticut,0
1304,Nebraska,1163,Connecticut,0
1401,Texas A&M,1163,Connecticut,1
1163,Connecticut,1129,Boise St,1
1301,NC State,1163,Connecticut,0
1241,James Madison,1163,Connecticut,0
1436,Vermont,1163,Connecticut,0
1324,Oakland,1163,Connecticut,0
1443,WKU,1163,Connecticut,0
1255,Longwood,1163,Connecticut,0
1235,Iowa St,1235,Iowa St,0
1235,Iowa St,1228,Illinois,0
1235,Iowa St,1120,Auburn,0
1361,San Diego St,1235,Iowa St,0
1235,Iowa St,1140,BYU,0
1450,Washington St,1235,Iowa St,0
1235,Iowa St,1194,FL Atlantic,0
1321,Northwestern,1235,Iowa St,0
1235,Iowa St,1179,Drake,0
1235,Iowa St,1182,Duquesne,0
1412,UAB,1235,Iowa St,0
1463,Yale,1235,Iowa St,1
1287,Morehead St,1235,Iowa St,0
1355,S Dakota St,1235,Iowa St,0
1391,Stetson,1235,Iowa St,0
1314,North Carolina,1235,Iowa St,0
1235,Iowa St,1112,Arizona,0
1235,Iowa St,1124,Baylor,0
1235,Iowa St,1104,Alabama,0
1388,St Mary's CA,1235,Iowa St,0
1235,Iowa St,1155,Clemson,0
1235,Iowa St,1173,Dayton,1
1280,Mississippi St,1235,Iowa St,0
1277,Michigan St,1235,Iowa St,0
1305,Nevada,1235,Iowa St,0
1307,New Mexico,1235,Iowa St,0
1235,Iowa St,1213,Grand Canyon,1
1235,Iowa St,1158,Col Charleston,0
1235,Iowa St,1159,Colgate,0
1253,Long Beach St,1235,Iowa St,0
1235,Iowa St,1224,Howard,0
1345,Purdue,1235,Iowa St,1
1397,Tennessee,1235,Iowa St,0
1235,Iowa St,1166,Creighton,0
1242,Kansas,1235,Iowa St,1
1235,Iowa St,1211,Gonzaga,0
1376,South Carolina,1235,Iowa St,0
1400,Texas,1235,Iowa St,1
1429,Utah St,1235,Iowa St,0
1395,TCU,1235,Iowa St,0
1235,Iowa St,1161,Colorado St,1
1332,Oregon,1235,Iowa St,0
1270,McNeese St,1235,Iowa St,0
1359,Samford,1235,Iowa St,0
1235,Iowa St,1103,Akron,1
1389,St Peter's,1235,Iowa St,0
1235,Iowa St,1212,Grambling,1
1235,Iowa St,1222,Houston,0
1266,Marquette,1235,Iowa St,0
1246,Kentucky,1235,Iowa St,0
1235,Iowa St,1181,Duke,0
1458,Wisconsin,1235,Iowa St,0
1403,Texas Tech,1235,Iowa St,0
1235,Iowa St,1196,Florida,0
1304,Nebraska,1235,Iowa St,0
1401,Texas A&M,1235,Iowa St,0
1235,Iowa St,1129,Boise St,1
1301,NC State,1235,Iowa St,0
1241,James Madison,1235,Iowa St,0
1436,Vermont,1235,Iowa St,0
1324,Oakland,1235,Iowa St,0
1443,WKU,1235,Iowa St,0
1255,Longwood,1235,Iowa St,0
1228,Illinois,1228,Illinois,1
1228,Illinois,1120,Auburn,0
1361,San Diego St,1228,Illinois,1
1228,Illinois,1140,BYU,0
1450,Washington St,1228,Illinois,1
1228,Illinois,1194,FL Atlantic,0
1321,Northwestern,1228,Illinois,1
1228,Illinois,1179,Drake,0
1228,Illinois,1182,Duquesne,0
1412,UAB,1228,Illinois,1
1463,Yale,1228,Illinois,1
1287,Morehead St,1228,Illinois,0
1355,S Dakota St,1228,Illinois,0
1391,Stetson,1228,Illinois,0
1314,North Carolina,1228,Illinois,1
1228,Illinois,1112,Arizona,0
1228,Illinois,1124,Baylor,0
1228,Illinois,1104,Alabama,0
1388,St Mary's CA,1228,Illinois,1
1228,Illinois,1155,Clemson,0
1228,Illinois,1173,Dayton,1
1280,Mississippi St,1228,Illinois,1
1277,Michigan St,1228,Illinois,1
1305,Nevada,1228,Illinois,1
1307,New Mexico,1228,Illinois,0
1228,Illinois,1213,Grand Canyon,1
1228,Illinois,1158,Col Charleston,1
1228,Illinois,1159,Colgate,0
1253,Long Beach St,1228,Illinois,0
1228,Illinois,1224,Howard,0
1345,Purdue,1228,Illinois,1
1397,Tennessee,1228,Illinois,1
1228,Illinois,1166,Creighton,0
1242,Kansas,1228,Illinois,1
1228,Illinois,1211,Gonzaga,0
1376,South Carolina,1228,Illinois,0
1400,Texas,1228,Illinois,1
1429,Utah St,1228,Illinois,1
1395,TCU,1228,Illinois,1
1228,Illinois,1161,Colorado St,1
1332,Oregon,1228,Illinois,1
1270,McNeese St,1228,Illinois,0
1359,Samford,1228,Illinois,0
1228,Illinois,1103,Akron,1
1389,St Peter's,1228,Illinois,0
1228,Illinois,1212,Grambling,1
1228,Illinois,1222,Houston,0
1266,Marquette,1228,Illinois,1
1246,Kentucky,1228,Illinois,1
1228,Illinois,1181,Duke,0
1458,Wisconsin,1228,Illinois,0
1403,Texas Tech,1228,Illinois,1
1228,Illinois,1196,Florida,0
1304,Nebraska,1228,Illinois,0
1401,Texas A&M,1228,Illinois,1
1228,Illinois,1129,Boise St,1
1301,NC State,1228,Illinois,1
1241,James Madison,1228,Illinois,0
1436,Vermont,1228,Illinois,0
1324,Oakland,1228,Illinois,0
1443,WKU,1228,Illinois,0
1255,Longwood,1228,Illinois,0
1120,Auburn,1120,Auburn,1
1361,San Diego St,1120,Auburn,1
1140,BYU,1120,Auburn,0
1450,Washington St,1120,Auburn,0
1194,FL Atlantic,1120,Auburn,0
1321,Northwestern,1120,Auburn,0
1179,Drake,1120,Auburn,1
1182,Duquesne,1120,Auburn,0
1412,UAB,1120,Auburn,0
1463,Yale,1120,Auburn,0
1287,Morehead St,1120,Auburn,0
1355,S Dakota St,1120,Auburn,0
1391,Stetson,1120,Auburn,0
1314,North Carolina,1120,Auburn,1
1120,Auburn,1112,Arizona,0
1124,Baylor,1120,Auburn,0
1120,Auburn,1104,Alabama,0
1388,St Mary's CA,1120,Auburn,1
1155,Clemson,1120,Auburn,1
1173,Dayton,1120,Auburn,1
1280,Mississippi St,1120,Auburn,0
1277,Michigan St,1120,Auburn,1
1305,Nevada,1120,Auburn,1
1307,New Mexico,1120,Auburn,0
1213,Grand Canyon,1120,Auburn,0
1158,Col Charleston,1120,Auburn,0
1159,Colgate,1120,Auburn,0
1253,Long Beach St,1120,Auburn,0
1224,Howard,1120,Auburn,0
1345,Purdue,1120,Auburn,1
1397,Tennessee,1120,Auburn,1
1166,Creighton,1120,Auburn,1
1242,Kansas,1120,Auburn,1
1211,Gonzaga,1120,Auburn,1
1376,South Carolina,1120,Auburn,0
1400,Texas,1120,Auburn,1
1429,Utah St,1120,Auburn,0
1395,TCU,1120,Auburn,1
1161,Colorado St,1120,Auburn,0
1332,Oregon,1120,Auburn,0
1270,McNeese St,1120,Auburn,0
1359,Samford,1120,Auburn,0
1120,Auburn,1103,Akron,1
1389,St Peter's,1120,Auburn,0
1212,Grambling,1120,Auburn,0
1222,Houston,1120,Auburn,1
1266,Marquette,1120,Auburn,1
1246,Kentucky,1120,Auburn,1
1181,Duke,1120,Auburn,1
1458,Wisconsin,1120,Auburn,0
1403,Texas Tech,1120,Auburn,1
1196,Florida,1120,Auburn,0
1304,Nebraska,1120,Auburn,0
1401,Texas A&M,1120,Auburn,1
1129,Boise St,1120,Auburn,1
1301,NC State,1120,Auburn,0
1241,James Madison,1120,Auburn,0
1436,Vermont,1120,Auburn,0
1324,Oakland,1120,Auburn,0
1443,WKU,1120,Auburn,0
1255,Longwood,1120,Auburn,0
1361,San Diego St,1361,San Diego St,0
1361,San Diego St,1140,BYU,1
1450,Washington St,1361,San Diego St,0
1361,San Diego St,1194,FL Atlantic,0
1361,San Diego St,1321,Northwestern,1
1361,San Diego St,1179,Drake,0
1361,San Diego St,1182,Duquesne,1
1412,UAB,1361,San Diego St,0
1463,Yale,1361,San Diego St,0
1361,San Diego St,1287,Morehead St,1
1361,San Diego St,1355,S Dakota St,1
1391,Stetson,1361,San Diego St,0
1361,San Diego St,1314,North Carolina,1
1361,San Diego St,1112,Arizona,0
1361,San Diego St,1124,Baylor,0
1361,San Diego St,1104,Alabama,0
1388,St Mary's CA,1361,San Diego St,1
1361,San Diego St,1155,Clemson,0
1361,San Diego St,1173,Dayton,1
1361,San Diego St,1280,Mississippi St,1
1361,San Diego St,1277,Michigan St,1
1361,San Diego St,1305,Nevada,0
1361,San Diego St,1307,New Mexico,0
1361,San Diego St,1213,Grand Canyon,1
1361,San Diego St,1158,Col Charleston,1
1361,San Diego St,1159,Colgate,1
1361,San Diego St,1253,Long Beach St,1
1361,San Diego St,1224,Howard,0
1361,San Diego St,1345,Purdue,1
1397,Tennessee,1361,San Diego St,1
1361,San Diego St,1166,Creighton,0
1361,San Diego St,1242,Kansas,0
1361,San Diego St,1211,Gonzaga,1
1376,South Carolina,1361,San Diego St,0
1400,Texas,1361,San Diego St,1
1429,Utah St,1361,San Diego St,0
1395,TCU,1361,San Diego St,1
1361,San Diego St,1161,Colorado St,1
1361,San Diego St,1332,Oregon,0
1361,San Diego St,1270,McNeese St,1
1361,San Diego St,1359,Samford,1
1361,San Diego St,1103,Akron,1
1389,St Peter's,1361,San Diego St,0
1361,San Diego St,1212,Grambling,1
1361,San Diego St,1222,Houston,0
1361,San Diego St,1266,Marquette,0
1361,San Diego St,1246,Kentucky,0
1361,San Diego St,1181,Duke,0
1458,Wisconsin,1361,San Diego St,0
1403,Texas Tech,1361,San Diego St,1
1361,San Diego St,1196,Florida,1
1361,San Diego St,1304,Nebraska,1
1401,Texas A&M,1361,San Diego St,1
1361,San Diego St,1129,Boise St,1
1361,San Diego St,1301,NC State,1
1361,San Diego St,1241,James Madison,1
1436,Vermont,1361,San Diego St,0
1361,San Diego St,1324,Oakland,1
1443,WKU,1361,San Diego St,0
1361,San Diego St,1255,Longwood,1
1140,BYU,1140,BYU,0
1450,Washington St,1140,BYU,1
1194,FL Atlantic,1140,BYU,1
1321,Northwestern,1140,BYU,0
1179,Drake,1140,BYU,1
1182,Duquesne,1140,BYU,0
1412,UAB,1140,BYU,0
1463,Yale,1140,BYU,1
1287,Morehead St,1140,BYU,0
1355,S Dakota St,1140,BYU,0
1391,Stetson,1140,BYU,0
1314,North Carolina,1140,BYU,1
1140,BYU,1112,Arizona,0
1140,BYU,1124,Baylor,0
1140,BYU,1104,Alabama,0
1388,St Mary's CA,1140,BYU,1
1155,Clemson,1140,BYU,1
1173,Dayton,1140,BYU,1
1280,Mississippi St,1140,BYU,0
1277,Michigan St,1140,BYU,1
1305,Nevada,1140,BYU,1
1307,New Mexico,1140,BYU,0
1213,Grand Canyon,1140,BYU,0
1158,Col Charleston,1140,BYU,0
1159,Colgate,1140,BYU,0
1253,Long Beach St,1140,BYU,0
1224,Howard,1140,BYU,0
1345,Purdue,1140,BYU,1
1397,Tennessee,1140,BYU,1
1166,Creighton,1140,BYU,1
1242,Kansas,1140,BYU,1
1211,Gonzaga,1140,BYU,1
1376,South Carolina,1140,BYU,0
1400,Texas,1140,BYU,1
1429,Utah St,1140,BYU,1
1395,TCU,1140,BYU,1
1161,Colorado St,1140,BYU,0
1332,Oregon,1140,BYU,0
1270,McNeese St,1140,BYU,0
1359,Samford,1140,BYU,0
1140,BYU,1103,Akron,1
1389,St Peter's,1140,BYU,0
1212,Grambling,1140,BYU,0
1222,Houston,1140,BYU,1
1266,Marquette,1140,BYU,1
1246,Kentucky,1140,BYU,1
1181,Duke,1140,BYU,1
1458,Wisconsin,1140,BYU,0
1403,Texas Tech,1140,BYU,1
1196,Florida,1140,BYU,0
1304,Nebraska,1140,BYU,0
1401,Texas A&M,1140,BYU,1
1140,BYU,1129,Boise St,1
1301,NC State,1140,BYU,1
1241,James Madison,1140,BYU,0
1436,Vermont,1140,BYU,0
1324,Oakland,1140,BYU,0
1443,WKU,1140,BYU,0
1255,Longwood,1140,BYU,0
1450,Washington St,1450,Washington St,1
1450,Washington St,1194,FL Atlantic,0
1450,Washington St,1321,Northwestern,1
1450,Washington St,1179,Drake,0
1450,Washington St,1182,Duquesne,1
1450,Washington St,1412,UAB,1
1463,Yale,1450,Washington St,1
1450,Washington St,1287,Morehead St,1
1450,Washington St,1355,S Dakota St,1
1450,Washington St,1391,Stetson,1
1450,Washington St,1314,North Carolina,1
1450,Washington St,1112,Arizona,0
1450,Washington St,1124,Baylor,0
1450,Washington St,1104,Alabama,0
1450,Washington St,1388,St Mary's CA,0
1450,Washington St,1155,Clemson,0
1450,Washington St,1173,Dayton,1
1450,Washington St,1280,Mississippi St,1
1450,Washington St,1277,Michigan St,1
1450,Washington St,1305,Nevada,0
1450,Washington St,1307,New Mexico,0
1450,Washington St,1213,Grand Canyon,1
1450,Washington St,1158,Col Charleston,1
1450,Washington St,1159,Colgate,1
1450,Washington St,1253,Long Beach St,1
1450,Washington St,1224,Howard,0
1450,Washington St,1345,Purdue,0
1450,Washington St,1397,Tennessee,0
1450,Washington St,1166,Creighton,0
1450,Washington St,1242,Kansas,0
1450,Washington St,1211,Gonzaga,0
1450,Washington St,1376,South Carolina,1
1450,Washington St,1400,Texas,0
1450,Washington St,1429,Utah St,0
1450,Washington St,1395,TCU,0
1450,Washington St,1161,Colorado St,1
1450,Washington St,1332,Oregon,0
1450,Washington St,1270,McNeese St,1
1450,Washington St,1359,Samford,1
1450,Washington St,1103,Akron,1
1450,Washington St,1389,St Peter's,1
1450,Washington St,1212,Grambling,1
1450,Washington St,1222,Houston,0
1450,Washington St,1266,Marquette,0
1450,Washington St,1246,Kentucky,0
1450,Washington St,1181,Duke,0
1458,Wisconsin,1450,Washington St,0
1450,Washington St,1403,Texas Tech,1
1450,Washington St,1196,Florida,0
1450,Washington St,1304,Nebraska,1
1450,Washington St,1401,Texas A&M,1
1450,Washington St,1129,Boise St,1
1450,Washington St,1301,NC State,1
1450,Washington St,1241,James Madison,1
1450,Washington St,1436,Vermont,1
1450,Washington St,1324,Oakland,1
1450,Washington St,1443,WKU,1
1450,Washington St,1255,Longwood,1
1194,FL Atlantic,1194,FL Atlantic,0
1321,Northwestern,1194,FL Atlantic,0
1194,FL Atlantic,1179,Drake,0
1194,FL Atlantic,1182,Duquesne,1
1412,UAB,1194,FL Atlantic,0
1463,Yale,1194,FL Atlantic,0
1287,Morehead St,1194,FL Atlantic,0
1355,S Dakota St,1194,FL Atlantic,0
1391,Stetson,1194,FL Atlantic,0
1314,North Carolina,1194,FL Atlantic,1
1194,FL Atlantic,1112,Arizona,0
1194,FL Atlantic,1124,Baylor,0
1194,FL Atlantic,1104,Alabama,0
1388,St Mary's CA,1194,FL Atlantic,1
1194,FL Atlantic,1155,Clemson,0
1194,FL Atlantic,1173,Dayton,1
1280,Mississippi St,1194,FL Atlantic,0
1277,Michigan St,1194,FL Atlantic,1
1305,Nevada,1194,FL Atlantic,0
1307,New Mexico,1194,FL Atlantic,0
1213,Grand Canyon,1194,FL Atlantic,0
1194,FL Atlantic,1158,Col Charleston,1
1194,FL Atlantic,1159,Colgate,1
1253,Long Beach St,1194,FL Atlantic,0
1224,Howard,1194,FL Atlantic,0
1345,Purdue,1194,FL Atlantic,1
1397,Tennessee,1194,FL Atlantic,1
1194,FL Atlantic,1166,Creighton,0
1242,Kansas,1194,FL Atlantic,1
1211,Gonzaga,1194,FL Atlantic,0
1376,South Carolina,1194,FL Atlantic,0
1400,Texas,1194,FL Atlantic,1
1429,Utah St,1194,FL Atlantic,0
1395,TCU,1194,FL Atlantic,1
1194,FL Atlantic,1161,Colorado St,1
1332,Oregon,1194,FL Atlantic,0
1270,McNeese St,1194,FL Atlantic,0
1359,Samford,1194,FL Atlantic,0
1194,FL Atlantic,1103,Akron,1
1389,St Peter's,1194,FL Atlantic,0
1212,Grambling,1194,FL Atlantic,0
1222,Houston,1194,FL Atlantic,1
1266,Marquette,1194,FL Atlantic,1
1246,Kentucky,1194,FL Atlantic,1
1194,FL Atlantic,1181,Duke,0
1458,Wisconsin,1194,FL Atlantic,0
1403,Texas Tech,1194,FL Atlantic,1
1196,Florida,1194,FL Atlantic,0
1304,Nebraska,1194,FL Atlantic,0
1401,Texas A&M,1194,FL Atlantic,1
1194,FL Atlantic,1129,Boise St,1
1301,NC State,1194,FL Atlantic,0
1241,James Madison,1194,FL Atlantic,0
1436,Vermont,1194,FL Atlantic,0
1324,Oakland,1194,FL Atlantic,0
1443,WKU,1194,FL Atlantic,0
1255,Longwood,1194,FL Atlantic,0
1321,Northwestern,1321,Northwestern,1
1321,Northwestern,1179,Drake,1
1321,Northwestern,1182,Duquesne,1
1412,UAB,1321,Northwestern,1
1463,Yale,1321,Northwestern,1
1321,Northwestern,1287,Morehead St,1
1355,S Dakota St,1321,Northwestern,0
1391,Stetson,1321,Northwestern,0
1321,Northwestern,1314,North Carolina,1
1321,Northwestern,1112,Arizona,0
1321,Northwestern,1124,Baylor,0
1321,Northwestern,1104,Alabama,0
1388,St Mary's CA,1321,Northwestern,1
1321,Northwestern,1155,Clemson,0
1321,Northwestern,1173,Dayton,1
1321,Northwestern,1280,Mississippi St,1
1321,Northwestern,1277,Michigan St,1
1321,Northwestern,1305,Nevada,0
1321,Northwestern,1307,New Mexico,0
1321,Northwestern,1213,Grand Canyon,1
1321,Northwestern,1158,Col Charleston,1
1321,Northwestern,1159,Colgate,1
1321,Northwestern,1253,Long Beach St,1
1321,Northwestern,1224,Howard,1
1345,Purdue,1321,Northwestern,1
1397,Tennessee,1321,Northwestern,1
1321,Northwestern,1166,Creighton,0
1321,Northwestern,1242,Kansas,0
1321,Northwestern,1211,Gonzaga,0
1376,South Carolina,1321,Northwestern,0
1400,Texas,1321,Northwestern,1
1429,Utah St,1321,Northwestern,1
1395,TCU,1321,Northwestern,1
1321,Northwestern,1161,Colorado St,1
1332,Oregon,1321,Northwestern,1
1321,Northwestern,1270,McNeese St,1
1359,Samford,1321,Northwestern,0
1321,Northwestern,1103,Akron,1
1389,St Peter's,1321,Northwestern,0
1321,Northwestern,1212,Grambling,1
1321,Northwestern,1222,Houston,0
1321,Northwestern,1266,Marquette,0
1321,Northwestern,1246,Kentucky,0
1321,Northwestern,1181,Duke,0
1458,Wisconsin,1321,Northwestern,0
1403,Texas Tech,1321,Northwestern,1
1321,Northwestern,1196,Florida,0
1321,Northwestern,1304,Nebraska,1
1401,Texas A&M,1321,Northwestern,1
1321,Northwestern,1129,Boise St,1
1321,Northwestern,1301,NC State,1
1321,Northwestern,1241,James Madison,1
1436,Vermont,1321,Northwestern,0
1324,Oakland,1321,Northwestern,0
1443,WKU,1321,Northwestern,0
1321,Northwestern,1255,Longwood,1
1179,Drake,1179,Drake,0
1182,Duquesne,1179,Drake,0
1412,UAB,1179,Drake,0
1463,Yale,1179,Drake,1
1287,Morehead St,1179,Drake,0
1355,S Dakota St,1179,Drake,0
1391,Stetson,1179,Drake,0
1314,North Carolina,1179,Drake,1
1179,Drake,1112,Arizona,0
1179,Drake,1124,Baylor,0
1179,Drake,1104,Alabama,0
1388,St Mary's CA,1179,Drake,1
1179,Drake,1155,Clemson,1
1179,Drake,1173,Dayton,1
1280,Mississippi St,1179,Drake,0
1277,Michigan St,1179,Drake,0
1305,Nevada,1179,Drake,0
1307,New Mexico,1179,Drake,0
1213,Grand Canyon,1179,Drake,0
1179,Drake,1158,Col Charleston,1
1179,Drake,1159,Colgate,1
1253,Long Beach St,1179,Drake,0
1224,Howard,1179,Drake,0
1345,Purdue,1179,Drake,1
1397,Tennessee,1179,Drake,1
1179,Drake,1166,Creighton,1
1242,Kansas,1179,Drake,1
1211,Gonzaga,1179,Drake,0
1376,South Carolina,1179,Drake,0
1400,Texas,1179,Drake,1
1429,Utah St,1179,Drake,0
1395,TCU,1179,Drake,0
1179,Drake,1161,Colorado St,1
1332,Oregon,1179,Drake,0
1270,McNeese St,1179,Drake,0
1359,Samford,1179,Drake,0
1179,Drake,1103,Akron,1
1389,St Peter's,1179,Drake,0
1212,Grambling,1179,Drake,0
1222,Houston,1179,Drake,1
1266,Marquette,1179,Drake,1
1246,Kentucky,1179,Drake,0
1181,Duke,1179,Drake,1
1458,Wisconsin,1179,Drake,0
1403,Texas Tech,1179,Drake,1
1196,Florida,1179,Drake,0
1304,Nebraska,1179,Drake,0
1401,Texas A&M,1179,Drake,0
1179,Drake,1129,Boise St,1
1301,NC State,1179,Drake,0
1241,James Madison,1179,Drake,0
1436,Vermont,1179,Drake,0
1324,Oakland,1179,Drake,0
1443,WKU,1179,Drake,0
1255,Longwood,1179,Drake,0
1182,Duquesne,1182,Duquesne,0
1412,UAB,1182,Duquesne,1
1463,Yale,1182,Duquesne,1
1287,Morehead St,1182,Duquesne,0
1355,S Dakota St,1182,Duquesne,0
1391,Stetson,1182,Duquesne,0
1314,North Carolina,1182,Duquesne,1
1182,Duquesne,1112,Arizona,0
1182,Duquesne,1124,Baylor,0
1182,Duquesne,1104,Alabama,0
1388,St Mary's CA,1182,Duquesne,1
1182,Duquesne,1155,Clemson,0
1182,Duquesne,1173,Dayton,0
1280,Mississippi St,1182,Duquesne,1
1277,Michigan St,1182,Duquesne,1
1305,Nevada,1182,Duquesne,1
1307,New Mexico,1182,Duquesne,0
1213,Grand Canyon,1182,Duquesne,0
1182,Duquesne,1158,Col Charleston,0
1182,Duquesne,1159,Colgate,0
1253,Long Beach St,1182,Duquesne,0
1224,Howard,1182,Duquesne,0
1345,Purdue,1182,Duquesne,1
1397,Tennessee,1182,Duquesne,1
1182,Duquesne,1166,Creighton,0
1242,Kansas,1182,Duquesne,1
1211,Gonzaga,1182,Duquesne,1
1376,South Carolina,1182,Duquesne,0
1400,Texas,1182,Duquesne,1
1429,Utah St,1182,Duquesne,1
1395,TCU,1182,Duquesne,1
1182,Duquesne,1161,Colorado St,1
1332,Oregon,1182,Duquesne,0
1270,McNeese St,1182,Duquesne,0
1359,Samford,1182,Duquesne,0
1182,Duquesne,1103,Akron,1
1389,St Peter's,1182,Duquesne,0
1212,Grambling,1182,Duquesne,0
1222,Houston,1182,Duquesne,1
1266,Marquette,1182,Duquesne,1
1246,Kentucky,1182,Duquesne,1
1182,Duquesne,1181,Duke,0
1458,Wisconsin,1182,Duquesne,0
1403,Texas Tech,1182,Duquesne,1
1196,Florida,1182,Duquesne,0
1304,Nebraska,1182,Duquesne,0
1401,Texas A&M,1182,Duquesne,1
1182,Duquesne,1129,Boise St,0
1301,NC State,1182,Duquesne,1
1241,James Madison,1182,Duquesne,0
1436,Vermont,1182,Duquesne,0
1324,Oakland,1182,Duquesne,0
1443,WKU,1182,Duquesne,0
1255,Longwood,1182,Duquesne,0
1412,UAB,1412,UAB,1
1463,Yale,1412,UAB,1
1412,UAB,1287,Morehead St,1
1412,UAB,1355,S Dakota St,1
1412,UAB,1391,Stetson,1
1412,UAB,1314,North Carolina,1
1412,UAB,1112,Arizona,0
1412,UAB,1124,Baylor,0
1412,UAB,1104,Alabama,0
1412,UAB,1388,St Mary's CA,0
1412,UAB,1155,Clemson,0
1412,UAB,1173,Dayton,1
1412,UAB,1280,Mississippi St,1
1412,UAB,1277,Michigan St,1
1412,UAB,1305,Nevada,0
1412,UAB,1307,New Mexico,0
1412,UAB,1213,Grand Canyon,1
1412,UAB,1158,Col Charleston,1
1412,UAB,1159,Colgate,1
1412,UAB,1253,Long Beach St,1
1412,UAB,1224,Howard,0
1412,UAB,1345,Purdue,0
1412,UAB,1397,Tennessee,0
1412,UAB,1166,Creighton,0
1412,UAB,1242,Kansas,0
1412,UAB,1211,Gonzaga,0
1412,UAB,1376,South Carolina,1
1412,UAB,1400,Texas,0
1429,Utah St,1412,UAB,1
1412,UAB,1395,TCU,0
1412,UAB,1161,Colorado St,1
1412,UAB,1332,Oregon,0
1412,UAB,1270,McNeese St,1
1412,UAB,1359,Samford,1
1412,UAB,1103,Akron,1
1412,UAB,1389,St Peter's,1
1412,UAB,1212,Grambling,1
1412,UAB,1222,Houston,0
1412,UAB,1266,Marquette,0
1412,UAB,1246,Kentucky,0
1412,UAB,1181,Duke,0
1458,Wisconsin,1412,UAB,0
1412,UAB,1403,Texas Tech,1
1412,UAB,1196,Florida,0
1412,UAB,1304,Nebraska,1
1412,UAB,1401,Texas A&M,1
1412,UAB,1129,Boise St,1
1412,UAB,1301,NC State,1
1412,UAB,1241,James Madison,1
1436,Vermont,1412,UAB,0
1412,UAB,1324,Oakland,1
1443,WKU,1412,UAB,0
1412,UAB,1255,Longwood,1
1463,Yale,1463,Yale,1
1463,Yale,1287,Morehead St,1
1463,Yale,1355,S Dakota St,1
1463,Yale,1391,Stetson,1
1463,Yale,1314,North Carolina,1
1463,Yale,1112,Arizona,0
1463,Yale,1124,Baylor,1
1463,Yale,1104,Alabama,0
1463,Yale,1388,St Mary's CA,1
1463,Yale,1155,Clemson,1
1463,Yale,1173,Dayton,1
1463,Yale,1280,Mississippi St,1
1463,Yale,1277,Michigan St,1
1463,Yale,1305,Nevada,1
1463,Yale,1307,New Mexico,1
1463,Yale,1213,Grand Canyon,1
1463,Yale,1158,Col Charleston,1
1463,Yale,1159,Colgate,1
1463,Yale,1253,Long Beach St,1
1463,Yale,1224,Howard,1
1463,Yale,1345,Purdue,0
1463,Yale,1397,Tennessee,0
1463,Yale,1166,Creighton,1
1463,Yale,1242,Kansas,0
1463,Yale,1211,Gonzaga,1
1463,Yale,1376,South Carolina,1
1463,Yale,1400,Texas,0
1463,Yale,1429,Utah St,1
1463,Yale,1395,TCU,0
1463,Yale,1161,Colorado St,1
1463,Yale,1332,Oregon,0
1463,Yale,1270,McNeese St,0
1463,Yale,1359,Samford,1
1463,Yale,1103,Akron,1
1463,Yale,1389,St Peter's,1
1463,Yale,1212,Grambling,1
1463,Yale,1222,Houston,0
1463,Yale,1266,Marquette,1
1463,Yale,1246,Kentucky,1
1463,Yale,1181,Duke,0
1463,Yale,1458,Wisconsin,0
1463,Yale,1403,Texas Tech,1
1463,Yale,1196,Florida,1
1463,Yale,1304,Nebraska,1
1463,Yale,1401,Texas A&M,0
1463,Yale,1129,Boise St,1
1463,Yale,1301,NC State,1
1463,Yale,1241,James Madison,1
1463,Yale,1436,Vermont,1
1463,Yale,1324,Oakland,1
1463,Yale,1443,WKU,1
1463,Yale,1255,Longwood,1
1287,Morehead St,1287,Morehead St,1
1355,S Dakota St,1287,Morehead St,1
1391,Stetson,1287,Morehead St,1
1314,North Carolina,1287,Morehead St,1
1287,Morehead St,1112,Arizona,0
1287,Morehead St,1124,Baylor,0
1287,Morehead St,1104,Alabama,0
1388,St Mary's CA,1287,Morehead St,1
1287,Morehead St,1155,Clemson,0
1287,Morehead St,1173,Dayton,0
1287,Morehead St,1280,Mississippi St,0
1287,Morehead St,1277,Michigan St,0
1305,Nevada,1287,Morehead St,1
1307,New Mexico,1287,Morehead St,1
1287,Morehead St,1213,Grand Canyon,0
1287,Morehead St,1158,Col Charleston,0
1287,Morehead St,1159,Colgate,0
1287,Morehead St,1253,Long Beach St,0
1287,Morehead St,1224,Howard,0
1345,Purdue,1287,Morehead St,1
1397,Tennessee,1287,Morehead St,1
1287,Morehead St,1166,Creighton,0
1287,Morehead St,1242,Kansas,0
1287,Morehead St,1211,Gonzaga,0
1376,South Carolina,1287,Morehead St,1
1400,Texas,1287,Morehead St,1
1429,Utah St,1287,Morehead St,1
1395,TCU,1287,Morehead St,1
1287,Morehead St,1161,Colorado St,0
1332,Oregon,1287,Morehead St,1
1287,Morehead St,1270,McNeese St,1
1359,Samford,1287,Morehead St,1
1287,Morehead St,1103,Akron,0
1389,St Peter's,1287,Morehead St,0
1287,Morehead St,1212,Grambling,0
1287,Morehead St,1222,Houston,0
1287,Morehead St,1266,Marquette,0
1287,Morehead St,1246,Kentucky,0
1287,Morehead St,1181,Duke,0
1458,Wisconsin,1287,Morehead St,1
1403,Texas Tech,1287,Morehead St,1
1287,Morehead St,1196,Florida,0
1304,Nebraska,1287,Morehead St,1
1401,Texas A&M,1287,Morehead St,1
1287,Morehead St,1129,Boise St,0
1301,NC State,1287,Morehead St,1
1287,Morehead St,1241,James Madison,0
1436,Vermont,1287,Morehead St,1
1324,Oakland,1287,Morehead St,0
1443,WKU,1287,Morehead St,1
1287,Morehead St,1255,Longwood,0
1355,S Dakota St,1355,S Dakota St,1
1391,Stetson,1355,S Dakota St,1
1355,S Dakota St,1314,North Carolina,0
1355,S Dakota St,1112,Arizona,0
1355,S Dakota St,1124,Baylor,0
1355,S Dakota St,1104,Alabama,0
1388,St Mary's CA,1355,S Dakota St,1
1355,S Dakota St,1155,Clemson,0
1355,S Dakota St,1173,Dayton,1
1355,S Dakota St,1280,Mississippi St,0
1355,S Dakota St,1277,Michigan St,0
1355,S Dakota St,1305,Nevada,0
1355,S Dakota St,1307,New Mexico,0
1355,S Dakota St,1213,Grand Canyon,1
1355,S Dakota St,1158,Col Charleston,0
1355,S Dakota St,1159,Colgate,0
1355,S Dakota St,1253,Long Beach St,1
1355,S Dakota St,1224,Howard,0
1355,S Dakota St,1345,Purdue,0
1397,Tennessee,1355,S Dakota St,1
1355,S Dakota St,1166,Creighton,0
1355,S Dakota St,1242,Kansas,0
1355,S Dakota St,1211,Gonzaga,0
1376,South Carolina,1355,S Dakota St,1
1400,Texas,1355,S Dakota St,1
1429,Utah St,1355,S Dakota St,1
1395,TCU,1355,S Dakota St,1
1355,S Dakota St,1161,Colorado St,1
1355,S Dakota St,1332,Oregon,0
1355,S Dakota St,1270,McNeese St,1
1359,Samford,1355,S Dakota St,0
1355,S Dakota St,1103,Akron,1
1389,St Peter's,1355,S Dakota St,0
1355,S Dakota St,1212,Grambling,1
1355,S Dakota St,1222,Houston,0
1355,S Dakota St,1266,Marquette,0
1355,S Dakota St,1246,Kentucky,0
1355,S Dakota St,1181,Duke,0
1458,Wisconsin,1355,S Dakota St,1
1403,Texas Tech,1355,S Dakota St,1
1355,S Dakota St,1196,Florida,0
1355,S Dakota St,1304,Nebraska,0
1401,Texas A&M,1355,S Dakota St,1
1355,S Dakota St,1129,Boise St,0
1355,S Dakota St,1301,NC State,0
1355,S Dakota St,1241,James Madison,0
1436,Vermont,1355,S Dakota St,1
1355,S Dakota St,1324,Oakland,1
1443,WKU,1355,S Dakota St,1
1355,S Dakota St,1255,Longwood,1
1391,Stetson,1391,Stetson,1
1391,Stetson,1314,North Carolina,0
1391,Stetson,1112,Arizona,0
1391,Stetson,1124,Baylor,0
1391,Stetson,1104,Alabama,0
1391,Stetson,1388,St Mary's CA,0
1391,Stetson,1155,Clemson,0
1391,Stetson,1173,Dayton,0
1391,Stetson,1280,Mississippi St,0
1391,Stetson,1277,Michigan St,0
1391,Stetson,1305,Nevada,0
1391,Stetson,1307,New Mexico,0
1391,Stetson,1213,Grand Canyon,0
1391,Stetson,1158,Col Charleston,0
1391,Stetson,1159,Colgate,0
1391,Stetson,1253,Long Beach St,1
1391,Stetson,1224,Howard,0
1391,Stetson,1345,Purdue,0
1397,Tennessee,1391,Stetson,1
1391,Stetson,1166,Creighton,0
1391,Stetson,1242,Kansas,0
1391,Stetson,1211,Gonzaga,0
1391,Stetson,1376,South Carolina,1
1400,Texas,1391,Stetson,1
1429,Utah St,1391,Stetson,1
1395,TCU,1391,Stetson,1
1391,Stetson,1161,Colorado St,1
1391,Stetson,1332,Oregon,0
1391,Stetson,1270,McNeese St,1
1391,Stetson,1359,Samford,1
1391,Stetson,1103,Akron,1
1391,Stetson,1389,St Peter's,1
1391,Stetson,1212,Grambling,1
1391,Stetson,1222,Houston,0
1391,Stetson,1266,Marquette,0
1391,Stetson,1246,Kentucky,0
1391,Stetson,1181,Duke,0
1458,Wisconsin,1391,Stetson,1
1403,Texas Tech,1391,Stetson,1
1391,Stetson,1196,Florida,0
1391,Stetson,1304,Nebraska,0
1401,Texas A&M,1391,Stetson,1
1391,Stetson,1129,Boise St,0
1391,Stetson,1301,NC State,0
1391,Stetson,1241,James Madison,0
1436,Vermont,1391,Stetson,1
1391,Stetson,1324,Oakland,1
1443,WKU,1391,Stetson,1
1391,Stetson,1255,Longwood,1
1314,North Carolina,1314,North Carolina,1
1314,North Carolina,1112,Arizona,0
1314,North Carolina,1124,Baylor,0
1314,North Carolina,1104,Alabama,0
1388,St Mary's CA,1314,North Carolina,1
1314,North Carolina,1155,Clemson,1
1314,North Carolina,1173,Dayton,1
1314,North Carolina,1280,Mississippi St,1
1314,North Carolina,1277,Michigan St,1
1314,North Carolina,1305,Nevada,0
1314,North Carolina,1307,New Mexico,1
1314,North Carolina,1213,Grand Canyon,1
1314,North Carolina,1158,Col Charleston,1
1314,North Carolina,1159,Colgate,1
1314,North Carolina,1253,Long Beach St,1
1314,North Carolina,1224,Howard,1
1345,Purdue,1314,North Carolina,1
1397,Tennessee,1314,North Carolina,1
1314,North Carolina,1166,Creighton,1
1314,North Carolina,1242,Kansas,0
1314,North Carolina,1211,Gonzaga,1
1376,South Carolina,1314,North Carolina,0
1400,Texas,1314,North Carolina,1
1429,Utah St,1314,North Carolina,1
1395,TCU,1314,North Carolina,1
1314,North Carolina,1161,Colorado St,1
1332,Oregon,1314,North Carolina,0
1314,North Carolina,1270,McNeese St,1
1359,Samford,1314,North Carolina,0
1314,North Carolina,1103,Akron,1
1389,St Peter's,1314,North Carolina,0
1314,North Carolina,1212,Grambling,1
1314,North Carolina,1222,Houston,1
1314,North Carolina,1266,Marquette,0
1314,North Carolina,1246,Kentucky,1
1314,North Carolina,1181,Duke,0
1458,Wisconsin,1314,North Carolina,0
1403,Texas Tech,1314,North Carolina,1
1314,North Carolina,1196,Florida,1
1314,North Carolina,1304,Nebraska,1
1401,Texas A&M,1314,North Carolina,1
1314,North Carolina,1129,Boise St,1
1314,North Carolina,1301,NC State,1
1314,North Carolina,1241,James Madison,1
1436,Vermont,1314,North Carolina,0
1324,Oakland,1314,North Carolina,0
1443,WKU,1314,North Carolina,0
1314,North Carolina,1255,Longwood,1
1112,Arizona,1112,Arizona,1
1124,Baylor,1112,Arizona,0
1112,Arizona,1104,Alabama,1
1388,St Mary's CA,1112,Arizona,0
1155,Clemson,1112,Arizona,0
1173,Dayton,1112,Arizona,0
1280,Mississippi St,1112,Arizona,0
1277,Michigan St,1112,Arizona,0
1305,Nevada,1112,Arizona,0
1307,New Mexico,1112,Arizona,0
1213,Grand Canyon,1112,Arizona,0
1158,Col Charleston,1112,Arizona,0
1159,Colgate,1112,Arizona,0
1253,Long Beach St,1112,Arizona,0
1224,Howard,1112,Arizona,0
1345,Purdue,1112,Arizona,1
1397,Tennessee,1112,Arizona,0
1166,Creighton,1112,Arizona,0
1242,Kansas,1112,Arizona,0
1211,Gonzaga,1112,Arizona,0
1376,South Carolina,1112,Arizona,0
1400,Texas,1112,Arizona,1
1429,Utah St,1112,Arizona,0
1395,TCU,1112,Arizona,0
1161,Colorado St,1112,Arizona,0
1332,Oregon,1112,Arizona,0
1270,McNeese St,1112,Arizona,0
1359,Samford,1112,Arizona,0
1112,Arizona,1103,Akron,1
1389,St Peter's,1112,Arizona,0
1212,Grambling,1112,Arizona,0
1222,Houston,1112,Arizona,1
1266,Marquette,1112,Arizona,1
1246,Kentucky,1112,Arizona,0
1181,Duke,1112,Arizona,1
1458,Wisconsin,1112,Arizona,0
1403,Texas Tech,1112,Arizona,0
1196,Florida,1112,Arizona,0
1304,Nebraska,1112,Arizona,0
1401,Texas A&M,1112,Arizona,1
1129,Boise St,1112,Arizona,1
1301,NC State,1112,Arizona,0
1241,James Madison,1112,Arizona,0
1436,Vermont,1112,Arizona,0
1324,Oakland,1112,Arizona,0
1443,WKU,1112,Arizona,0
1255,Longwood,1112,Arizona,0
1124,Baylor,1124,Baylor,0
1124,Baylor,1104,Alabama,0
1388,St Mary's CA,1124,Baylor,0
1155,Clemson,1124,Baylor,0
1173,Dayton,1124,Baylor,0
1280,Mississippi St,1124,Baylor,0
1277,Michigan St,1124,Baylor,0
1305,Nevada,1124,Baylor,0
1307,New Mexico,1124,Baylor,0
1213,Grand Canyon,1124,Baylor,0
1158,Col Charleston,1124,Baylor,0
1159,Colgate,1124,Baylor,0
1253,Long Beach St,1124,Baylor,0
1224,Howard,1124,Baylor,0
1345,Purdue,1124,Baylor,1
1397,Tennessee,1124,Baylor,0
1166,Creighton,1124,Baylor,0
1242,Kansas,1124,Baylor,0
1211,Gonzaga,1124,Baylor,0
1376,South Carolina,1124,Baylor,0
1400,Texas,1124,Baylor,1
1429,Utah St,1124,Baylor,0
1395,TCU,1124,Baylor,0
1161,Colorado St,1124,Baylor,0
1332,Oregon,1124,Baylor,0
1270,McNeese St,1124,Baylor,0
1359,Samford,1124,Baylor,0
1124,Baylor,1103,Akron,1
1389,St Peter's,1124,Baylor,0
1212,Grambling,1124,Baylor,0
1222,Houston,1124,Baylor,1
1266,Marquette,1124,Baylor,0
1246,Kentucky,1124,Baylor,0
1181,Duke,1124,Baylor,0
1458,Wisconsin,1124,Baylor,0
1403,Texas Tech,1124,Baylor,0
1196,Florida,1124,Baylor,0
1304,Nebraska,1124,Baylor,0
1401,Texas A&M,1124,Baylor,0
1129,Boise St,1124,Baylor,0
1301,NC State,1124,Baylor,0
1241,James Madison,1124,Baylor,0
1436,Vermont,1124,Baylor,0
1324,Oakland,1124,Baylor,0
1443,WKU,1124,Baylor,0
1255,Longwood,1124,Baylor,0
1104,Alabama,1104,Alabama,0
1388,St Mary's CA,1104,Alabama,0
1155,Clemson,1104,Alabama,0
1173,Dayton,1104,Alabama,0
1280,Mississippi St,1104,Alabama,0
1277,Michigan St,1104,Alabama,0
1305,Nevada,1104,Alabama,0
1307,New Mexico,1104,Alabama,0
1213,Grand Canyon,1104,Alabama,0
1158,Col Charleston,1104,Alabama,0
1159,Colgate,1104,Alabama,0
1253,Long Beach St,1104,Alabama,0
1224,Howard,1104,Alabama,0
1345,Purdue,1104,Alabama,1
1397,Tennessee,1104,Alabama,0
1166,Creighton,1104,Alabama,0
1242,Kansas,1104,Alabama,0
1211,Gonzaga,1104,Alabama,0
1376,South Carolina,1104,Alabama,0
1400,Texas,1104,Alabama,1
1429,Utah St,1104,Alabama,0
1395,TCU,1104,Alabama,0
1161,Colorado St,1104,Alabama,0
1332,Oregon,1104,Alabama,0
1270,McNeese St,1104,Alabama,0
1359,Samford,1104,Alabama,0
1104,Alabama,1103,Akron,1
1389,St Peter's,1104,Alabama,0
1212,Grambling,1104,Alabama,0
1222,Houston,1104,Alabama,0
1266,Marquette,1104,Alabama,0
1246,Kentucky,1104,Alabama,0
1181,Duke,1104,Alabama,0
1458,Wisconsin,1104,Alabama,0
1403,Texas Tech,1104,Alabama,0
1196,Florida,1104,Alabama,0
1304,Nebraska,1104,Alabama,0
1401,Texas A&M,1104,Alabama,0
1129,Boise St,1104,Alabama,0
1301,NC State,1104,Alabama,0
1241,James Madison,1104,Alabama,0
1436,Vermont,1104,Alabama,0
1324,Oakland,1104,Alabama,0
1443,WKU,1104,Alabama,0
1255,Longwood,1104,Alabama,0
1388,St Mary's CA,1388,St Mary's CA,0
1388,St Mary's CA,1155,Clemson,0
1388,St Mary's CA,1173,Dayton,1
1388,St Mary's CA,1280,Mississippi St,1
1388,St Mary's CA,1277,Michigan St,1
1388,St Mary's CA,1305,Nevada,0
1388,St Mary's CA,1307,New Mexico,0
1388,St Mary's CA,1213,Grand Canyon,1
1388,St Mary's CA,1158,Col Charleston,1
1388,St Mary's CA,1159,Colgate,1
1388,St Mary's CA,1253,Long Beach St,1
1388,St Mary's CA,1224,Howard,1
1388,St Mary's CA,1345,Purdue,1
1397,Tennessee,1388,St Mary's CA,0
1388,St Mary's CA,1166,Creighton,1
1388,St Mary's CA,1242,Kansas,0
1388,St Mary's CA,1211,Gonzaga,1
1388,St Mary's CA,1376,South Carolina,1
1400,Texas,1388,St Mary's CA,1
1429,Utah St,1388,St Mary's CA,0
1395,TCU,1388,St Mary's CA,0
1388,St Mary's CA,1161,Colorado St,1
1388,St Mary's CA,1332,Oregon,0
1388,St Mary's CA,1270,McNeese St,1
1388,St Mary's CA,1359,Samford,1
1388,St Mary's CA,1103,Akron,1
1389,St Peter's,1388,St Mary's CA,0
1388,St Mary's CA,1212,Grambling,1
1388,St Mary's CA,1222,Houston,1
1388,St Mary's CA,1266,Marquette,0
1388,St Mary's CA,1246,Kentucky,1
1388,St Mary's CA,1181,Duke,0
1458,Wisconsin,1388,St Mary's CA,0
1403,Texas Tech,1388,St Mary's CA,0
1388,St Mary's CA,1196,Florida,1
1388,St Mary's CA,1304,Nebraska,1
1401,Texas A&M,1388,St Mary's CA,1
1388,St Mary's CA,1129,Boise St,1
1388,St Mary's CA,1301,NC State,1
1388,St Mary's CA,1241,James Madison,1
1436,Vermont,1388,St Mary's CA,0
1388,St Mary's CA,1324,Oakland,1
1443,WKU,1388,St Mary's CA,0
1388,St Mary's CA,1255,Longwood,1
1155,Clemson,1155,Clemson,0
1173,Dayton,1155,Clemson,0
1280,Mississippi St,1155,Clemson,0
1277,Michigan St,1155,Clemson,0
1305,Nevada,1155,Clemson,0
1307,New Mexico,1155,Clemson,0
1213,Grand Canyon,1155,Clemson,0
1158,Col Charleston,1155,Clemson,0
1159,Colgate,1155,Clemson,0
1253,Long Beach St,1155,Clemson,0
1224,Howard,1155,Clemson,0
1345,Purdue,1155,Clemson,1
1397,Tennessee,1155,Clemson,1
1166,Creighton,1155,Clemson,0
1242,Kansas,1155,Clemson,1
1211,Gonzaga,1155,Clemson,0
1376,South Carolina,1155,Clemson,0
1400,Texas,1155,Clemson,1
1429,Utah St,1155,Clemson,0
1395,TCU,1155,Clemson,0
1161,Colorado St,1155,Clemson,0
1332,Oregon,1155,Clemson,0
1270,McNeese St,1155,Clemson,0
1359,Samford,1155,Clemson,0
1155,Clemson,1103,Akron,1
1389,St Peter's,1155,Clemson,0
1212,Grambling,1155,Clemson,0
1222,Houston,1155,Clemson,1
1266,Marquette,1155,Clemson,1
1246,Kentucky,1155,Clemson,1
1181,Duke,1155,Clemson,1
1458,Wisconsin,1155,Clemson,0
1403,Texas Tech,1155,Clemson,1
1196,Florida,1155,Clemson,0
1304,Nebraska,1155,Clemson,0
1401,Texas A&M,1155,Clemson,1
1155,Clemson,1129,Boise St,1
1301,NC State,1155,Clemson,0
1241,James Madison,1155,Clemson,0
1436,Vermont,1155,Clemson,0
1324,Oakland,1155,Clemson,0
1443,WKU,1155,Clemson,0
1255,Longwood,1155,Clemson,0
1173,Dayton,1173,Dayton,1
1280,Mississippi St,1173,Dayton,1
1277,Michigan St,1173,Dayton,1
1305,Nevada,1173,Dayton,1
1307,New Mexico,1173,Dayton,1
1213,Grand Canyon,1173,Dayton,1
1173,Dayton,1158,Col Charleston,1
1173,Dayton,1159,Colgate,1
1253,Long Beach St,1173,Dayton,1
1224,Howard,1173,Dayton,0
1345,Purdue,1173,Dayton,1
1397,Tennessee,1173,Dayton,1
1173,Dayton,1166,Creighton,1
1242,Kansas,1173,Dayton,1
1211,Gonzaga,1173,Dayton,1
1376,South Carolina,1173,Dayton,0
1400,Texas,1173,Dayton,1
1429,Utah St,1173,Dayton,1
1395,TCU,1173,Dayton,1
1173,Dayton,1161,Colorado St,1
1332,Oregon,1173,Dayton,1
1270,McNeese St,1173,Dayton,0
1359,Samford,1173,Dayton,0
1173,Dayton,1103,Akron,1
1389,St Peter's,1173,Dayton,0
1212,Grambling,1173,Dayton,0
1222,Houston,1173,Dayton,1
1266,Marquette,1173,Dayton,1
1246,Kentucky,1173,Dayton,1
1181,Duke,1173,Dayton,1
1458,Wisconsin,1173,Dayton,1
1403,Texas Tech,1173,Dayton,1
1196,Florida,1173,Dayton,1
1304,Nebraska,1173,Dayton,0
1401,Texas A&M,1173,Dayton,1
1173,Dayton,1129,Boise St,1
1301,NC State,1173,Dayton,1
1241,James Madison,1173,Dayton,1
1436,Vermont,1173,Dayton,0
1324,Oakland,1173,Dayton,0
1443,WKU,1173,Dayton,0
1255,Longwood,1173,Dayton,0
1280,Mississippi St,1280,Mississippi St,1
1280,Mississippi St,1277,Michigan St,1
1305,Nevada,1280,Mississippi St,1
1307,New Mexico,1280,Mississippi St,0
1280,Mississippi St,1213,Grand Canyon,1
1280,Mississippi St,1158,Col Charleston,1
1280,Mississippi St,1159,Colgate,1
1280,Mississippi St,1253,Long Beach St,1
1280,Mississippi St,1224,Howard,0
1345,Purdue,1280,Mississippi St,1
1397,Tennessee,1280,Mississippi St,1
1280,Mississippi St,1166,Creighton,0
1280,Mississippi St,1242,Kansas,0
1280,Mississippi St,1211,Gonzaga,0
1376,South Carolina,1280,Mississippi St,0
1400,Texas,1280,Mississippi St,1
1429,Utah St,1280,Mississippi St,1
1395,TCU,1280,Mississippi St,1
1280,Mississippi St,1161,Colorado St,1
1332,Oregon,1280,Mississippi St,1
1280,Mississippi St,1270,McNeese St,1
1359,Samford,1280,Mississippi St,0
1280,Mississippi St,1103,Akron,1
1389,St Peter's,1280,Mississippi St,0
1280,Mississippi St,1212,Grambling,1
1280,Mississippi St,1222,Houston,0
1280,Mississippi St,1266,Marquette,0
1280,Mississippi St,1246,Kentucky,0
1280,Mississippi St,1181,Duke,0
1458,Wisconsin,1280,Mississippi St,0
1403,Texas Tech,1280,Mississippi St,1
1280,Mississippi St,1196,Florida,0
1304,Nebraska,1280,Mississippi St,0
1401,Texas A&M,1280,Mississippi St,1
1280,Mississippi St,1129,Boise St,1
1301,NC State,1280,Mississippi St,1
1280,Mississippi St,1241,James Madison,1
1436,Vermont,1280,Mississippi St,0
1324,Oakland,1280,Mississippi St,0
1443,WKU,1280,Mississippi St,0
1280,Mississippi St,1255,Longwood,1
1277,Michigan St,1277,Michigan St,1
1305,Nevada,1277,Michigan St,1
1307,New Mexico,1277,Michigan St,0
1277,Michigan St,1213,Grand Canyon,1
1277,Michigan St,1158,Col Charleston,1
1277,Michigan St,1159,Colgate,1
1277,Michigan St,1253,Long Beach St,1
1277,Michigan St,1224,Howard,1
1345,Purdue,1277,Michigan St,1
1397,Tennessee,1277,Michigan St,1
1277,Michigan St,1166,Creighton,1
1277,Michigan St,1242,Kansas,1
1277,Michigan St,1211,Gonzaga,1
1376,South Carolina,1277,Michigan St,0
1400,Texas,1277,Michigan St,1
1429,Utah St,1277,Michigan St,1
1395,TCU,1277,Michigan St,1
1277,Michigan St,1161,Colorado St,1
1332,Oregon,1277,Michigan St,1
1277,Michigan St,1270,McNeese St,1
1359,Samford,1277,Michigan St,0
1277,Michigan St,1103,Akron,1
1389,St Peter's,1277,Michigan St,0
1277,Michigan St,1212,Grambling,1
1277,Michigan St,1222,Houston,1
1277,Michigan St,1266,Marquette,0
1277,Michigan St,1246,Kentucky,0
1277,Michigan St,1181,Duke,0
1458,Wisconsin,1277,Michigan St,0
1403,Texas Tech,1277,Michigan St,1
1277,Michigan St,1196,Florida,1
1304,Nebraska,1277,Michigan St,0
1401,Texas A&M,1277,Michigan St,1
1277,Michigan St,1129,Boise St,1
1301,NC State,1277,Michigan St,1
1277,Michigan St,1241,James Madison,1
1436,Vermont,1277,Michigan St,0
1324,Oakland,1277,Michigan St,0
1443,WKU,1277,Michigan St,0
1277,Michigan St,1255,Longwood,1
1305,Nevada,1305,Nevada,0
1307,New Mexico,1305,Nevada,0
1305,Nevada,1213,Grand Canyon,1
1305,Nevada,1158,Col Charleston,1
1305,Nevada,1159,Colgate,1
1305,Nevada,1253,Long Beach St,1
1305,Nevada,1224,Howard,1
1345,Purdue,1305,Nevada,1
1397,Tennessee,1305,Nevada,0
1305,Nevada,1166,Creighton,1
1305,Nevada,1242,Kansas,0
1305,Nevada,1211,Gonzaga,1
1376,South Carolina,1305,Nevada,0
1400,Texas,1305,Nevada,1
1429,Utah St,1305,Nevada,0
1395,TCU,1305,Nevada,0
1305,Nevada,1161,Colorado St,1
1332,Oregon,1305,Nevada,0
1305,Nevada,1270,McNeese St,1
1359,Samford,1305,Nevada,0
1305,Nevada,1103,Akron,1
1389,St Peter's,1305,Nevada,0
1305,Nevada,1212,Grambling,1
1305,Nevada,1222,Houston,0
1305,Nevada,1266,Marquette,0
1305,Nevada,1246,Kentucky,0
1305,Nevada,1181,Duke,0
1458,Wisconsin,1305,Nevada,0
1403,Texas Tech,1305,Nevada,0
1305,Nevada,1196,Florida,1
1305,Nevada,1304,Nebraska,1
1401,Texas A&M,1305,Nevada,0
1305,Nevada,1129,Boise St,1
1305,Nevada,1301,NC State,1
1305,Nevada,1241,James Madison,1
1436,Vermont,1305,Nevada,0
1324,Oakland,1305,Nevada,0
1443,WKU,1305,Nevada,0
1305,Nevada,1255,Longwood,1
1307,New Mexico,1307,New Mexico,0
1307,New Mexico,1213,Grand Canyon,1
1307,New Mexico,1158,Col Charleston,0
1307,New Mexico,1159,Colgate,1
1307,New Mexico,1253,Long Beach St,1
1307,New Mexico,1224,Howard,0
1345,Purdue,1307,New Mexico,1
1397,Tennessee,1307,New Mexico,0
1307,New Mexico,1166,Creighton,0
1307,New Mexico,1242,Kansas,0
1307,New Mexico,1211,Gonzaga,0
1376,South Carolina,1307,New Mexico,0
1400,Texas,1307,New Mexico,1
1429,Utah St,1307,New Mexico,0
1395,TCU,1307,New Mexico,0
1307,New Mexico,1161,Colorado St,1
1332,Oregon,1307,New Mexico,0
1307,New Mexico,1270,McNeese St,1
1359,Samford,1307,New Mexico,0
1307,New Mexico,1103,Akron,1
1389,St Peter's,1307,New Mexico,0
1307,New Mexico,1212,Grambling,1
1307,New Mexico,1222,Houston,0
1307,New Mexico,1266,Marquette,0
1307,New Mexico,1246,Kentucky,0
1307,New Mexico,1181,Duke,0
1458,Wisconsin,1307,New Mexico,0
1403,Texas Tech,1307,New Mexico,0
1307,New Mexico,1196,Florida,0
1307,New Mexico,1304,Nebraska,0
1401,Texas A&M,1307,New Mexico,1
1307,New Mexico,1129,Boise St,0
1307,New Mexico,1301,NC State,0
1307,New Mexico,1241,James Madison,1
1436,Vermont,1307,New Mexico,0
1324,Oakland,1307,New Mexico,0
1443,WKU,1307,New Mexico,0
1307,New Mexico,1255,Longwood,1
1213,Grand Canyon,1213,Grand Canyon,1
1213,Grand Canyon,1158,Col Charleston,0
1213,Grand Canyon,1159,Colgate,0
1253,Long Beach St,1213,Grand Canyon,1
1224,Howard,1213,Grand Canyon,0
1345,Purdue,1213,Grand Canyon,1
1397,Tennessee,1213,Grand Canyon,1
1213,Grand Canyon,1166,Creighton,0
1242,Kansas,1213,Grand Canyon,1
1213,Grand Canyon,1211,Gonzaga,0
1376,South Carolina,1213,Grand Canyon,0
1400,Texas,1213,Grand Canyon,1
1429,Utah St,1213,Grand Canyon,1
1395,TCU,1213,Grand Canyon,1
1213,Grand Canyon,1161,Colorado St,1
1332,Oregon,1213,Grand Canyon,1
1270,McNeese St,1213,Grand Canyon,0
1359,Samford,1213,Grand Canyon,0
1213,Grand Canyon,1103,Akron,1
1389,St Peter's,1213,Grand Canyon,0
1213,Grand Canyon,1212,Grambling,1
1222,Houston,1213,Grand Canyon,1
1266,Marquette,1213,Grand Canyon,1
1246,Kentucky,1213,Grand Canyon,1
1213,Grand Canyon,1181,Duke,0
1458,Wisconsin,1213,Grand Canyon,1
1403,Texas Tech,1213,Grand Canyon,1
1213,Grand Canyon,1196,Florida,0
1304,Nebraska,1213,Grand Canyon,0
1401,Texas A&M,1213,Grand Canyon,1
1213,Grand Canyon,1129,Boise St,1
1301,NC State,1213,Grand Canyon,1
1241,James Madison,1213,Grand Canyon,0
1436,Vermont,1213,Grand Canyon,0
1324,Oakland,1213,Grand Canyon,0
1443,WKU,1213,Grand Canyon,0
1255,Longwood,1213,Grand Canyon,0
1158,Col Charleston,1158,Col Charleston,0
1159,Colgate,1158,Col Charleston,0
1253,Long Beach St,1158,Col Charleston,0
1224,Howard,1158,Col Charleston,0
1345,Purdue,1158,Col Charleston,1
1397,Tennessee,1158,Col Charleston,1
1166,Creighton,1158,Col Charleston,1
1242,Kansas,1158,Col Charleston,1
1211,Gonzaga,1158,Col Charleston,1
1376,South Carolina,1158,Col Charleston,0
1400,Texas,1158,Col Charleston,1
1429,Utah St,1158,Col Charleston,1
1395,TCU,1158,Col Charleston,1
1161,Colorado St,1158,Col Charleston,0
1332,Oregon,1158,Col Charleston,1
1270,McNeese St,1158,Col Charleston,0
1359,Samford,1158,Col Charleston,0
1158,Col Charleston,1103,Akron,1
1389,St Peter's,1158,Col Charleston,0
1212,Grambling,1158,Col Charleston,0
1222,Houston,1158,Col Charleston,1
1266,Marquette,1158,Col Charleston,1
1246,Kentucky,1158,Col Charleston,1
1181,Duke,1158,Col Charleston,1
1458,Wisconsin,1158,Col Charleston,0
1403,Texas Tech,1158,Col Charleston,1
1196,Florida,1158,Col Charleston,0
1304,Nebraska,1158,Col Charleston,0
1401,Texas A&M,1158,Col Charleston,1
1158,Col Charleston,1129,Boise St,0
1301,NC State,1158,Col Charleston,1
1241,James Madison,1158,Col Charleston,0
1436,Vermont,1158,Col Charleston,0
1324,Oakland,1158,Col Charleston,0
1443,WKU,1158,Col Charleston,0
1255,Longwood,1158,Col Charleston,0
1159,Colgate,1159,Colgate,0
1253,Long Beach St,1159,Colgate,0
1224,Howard,1159,Colgate,0
1345,Purdue,1159,Colgate,1
1397,Tennessee,1159,Colgate,1
1166,Creighton,1159,Colgate,1
1242,Kansas,1159,Colgate,1
1211,Gonzaga,1159,Colgate,1
1376,South Carolina,1159,Colgate,0
1400,Texas,1159,Colgate,1
1429,Utah St,1159,Colgate,1
1395,TCU,1159,Colgate,1
1161,Colorado St,1159,Colgate,0
1332,Oregon,1159,Colgate,0
1270,McNeese St,1159,Colgate,0
1359,Samford,1159,Colgate,0
1159,Colgate,1103,Akron,1
1389,St Peter's,1159,Colgate,0
1212,Grambling,1159,Colgate,0
1222,Houston,1159,Colgate,1
1266,Marquette,1159,Colgate,1
1246,Kentucky,1159,Colgate,1
1181,Duke,1159,Colgate,1
1458,Wisconsin,1159,Colgate,0
1403,Texas Tech,1159,Colgate,1
1196,Florida,1159,Colgate,0
1304,Nebraska,1159,Colgate,0
1401,Texas A&M,1159,Colgate,1
1159,Colgate,1129,Boise St,0
1301,NC State,1159,Colgate,1
1241,James Madison,1159,Colgate,0
1436,Vermont,1159,Colgate,0
1324,Oakland,1159,Colgate,0
1443,WKU,1159,Colgate,0
1255,Longwood,1159,Colgate,0
1253,Long Beach St,1253,Long Beach St,1
1253,Long Beach St,1224,Howard,0
1345,Purdue,1253,Long Beach St,1
1397,Tennessee,1253,Long Beach St,1
1253,Long Beach St,1166,Creighton,0
1253,Long Beach St,1242,Kansas,0
1253,Long Beach St,1211,Gonzaga,0
1376,South Carolina,1253,Long Beach St,1
1400,Texas,1253,Long Beach St,1
1429,Utah St,1253,Long Beach St,1
1395,TCU,1253,Long Beach St,1
1253,Long Beach St,1161,Colorado St,1
1332,Oregon,1253,Long Beach St,1
1270,McNeese St,1253,Long Beach St,0
1359,Samford,1253,Long Beach St,0
1253,Long Beach St,1103,Akron,1
1389,St Peter's,1253,Long Beach St,0
1253,Long Beach St,1212,Grambling,1
1253,Long Beach St,1222,Houston,0
1266,Marquette,1253,Long Beach St,1
1253,Long Beach St,1246,Kentucky,0
1253,Long Beach St,1181,Duke,0
1458,Wisconsin,1253,Long Beach St,1
1403,Texas Tech,1253,Long Beach St,1
1253,Long Beach St,1196,Florida,0
1304,Nebraska,1253,Long Beach St,0
1401,Texas A&M,1253,Long Beach St,1
1253,Long Beach St,1129,Boise St,0
1301,NC State,1253,Long Beach St,1
1253,Long Beach St,1241,James Madison,0
1436,Vermont,1253,Long Beach St,1
1324,Oakland,1253,Long Beach St,0
1443,WKU,1253,Long Beach St,1
1255,Longwood,1253,Long Beach St,0
1224,Howard,1224,Howard,0
1345,Purdue,1224,Howard,1
1397,Tennessee,1224,Howard,1
1224,Howard,1166,Creighton,0
1242,Kansas,1224,Howard,1
1224,Howard,1211,Gonzaga,0
1376,South Carolina,1224,Howard,0
1400,Texas,1224,Howard,1
1429,Utah St,1224,Howard,0
1395,TCU,1224,Howard,1
1224,Howard,1161,Colorado St,0
1332,Oregon,1224,Howard,0
1270,McNeese St,1224,Howard,0
1359,Samford,1224,Howard,0
1224,Howard,1103,Akron,1
1389,St Peter's,1224,Howard,0
1224,Howard,1212,Grambling,0
1224,Howard,1222,Houston,0
1266,Marquette,1224,Howard,1
1246,Kentucky,1224,Howard,1
1224,Howard,1181,Duke,0
1458,Wisconsin,1224,Howard,0
1403,Texas Tech,1224,Howard,1
1224,Howard,1196,Florida,0
1304,Nebraska,1224,Howard,0
1401,Texas A&M,1224,Howard,1
1224,Howard,1129,Boise St,0
1301,NC State,1224,Howard,1
1241,James Madison,1224,Howard,0
1436,Vermont,1224,Howard,0
1324,Oakland,1224,Howard,0
1443,WKU,1224,Howard,0
1255,Longwood,1224,Howard,0
1345,Purdue,1345,Purdue,1
1397,Tennessee,1345,Purdue,1
1345,Purdue,1166,Creighton,1
1345,Purdue,1242,Kansas,1
1345,Purdue,1211,Gonzaga,1
1376,South Carolina,1345,Purdue,0
1400,Texas,1345,Purdue,1
1429,Utah St,1345,Purdue,0
1395,TCU,1345,Purdue,1
1345,Purdue,1161,Colorado St,1
1345,Purdue,1332,Oregon,1
1345,Purdue,1270,McNeese St,1
1359,Samford,1345,Purdue,0
1345,Purdue,1103,Akron,1
1389,St Peter's,1345,Purdue,0
1345,Purdue,1212,Grambling,1
1345,Purdue,1222,Houston,1
1345,Purdue,1266,Marquette,1
1345,Purdue,1246,Kentucky,1
1345,Purdue,1181,Duke,1
1458,Wisconsin,1345,Purdue,0
1403,Texas Tech,1345,Purdue,1
1345,Purdue,1196,Florida,1
1345,Purdue,1304,Nebraska,1
1401,Texas A&M,1345,Purdue,1
1345,Purdue,1129,Boise St,1
1345,Purdue,1301,NC State,1
1345,Purdue,1241,James Madison,1
1436,Vermont,1345,Purdue,0
1345,Purdue,1324,Oakland,1
1443,WKU,1345,Purdue,0
1345,Purdue,1255,Longwood,1
1397,Tennessee,1397,Tennessee,1
1397,Tennessee,1166,Creighton,1
1397,Tennessee,1242,Kansas,0
1397,Tennessee,1211,Gonzaga,1
1397,Tennessee,1376,South Carolina,1
1400,Texas,1397,Tennessee,1
1429,Utah St,1397,Tennessee,0
1397,Tennessee,1395,TCU,0
1397,Tennessee,1161,Colorado St,1
1397,Tennessee,1332,Oregon,0
1397,Tennessee,1270,McNeese St,1
1397,Tennessee,1359,Samford,1
1397,Tennessee,1103,Akron,1
1397,Tennessee,1389,St Peter's,1
1397,Tennessee,1212,Grambling,1
1397,Tennessee,1222,Houston,1
1397,Tennessee,1266,Marquette,0
1397,Tennessee,1246,Kentucky,1
1397,Tennessee,1181,Duke,0
1458,Wisconsin,1397,Tennessee,0
1403,Texas Tech,1397,Tennessee,1
1397,Tennessee,1196,Florida,1
1397,Tennessee,1304,Nebraska,1
1401,Texas A&M,1397,Tennessee,1
1397,Tennessee,1129,Boise St,1
1397,Tennessee,1301,NC State,1
1397,Tennessee,1241,James Madison,1
1436,Vermont,1397,Tennessee,0
1397,Tennessee,1324,Oakland,1
1443,WKU,1397,Tennessee,0
1397,Tennessee,1255,Longwood,1
1166,Creighton,1166,Creighton,1
1242,Kansas,1166,Creighton,1
1211,Gonzaga,1166,Creighton,1
1376,South Carolina,1166,Creighton,0
1400,Texas,1166,Creighton,1
1429,Utah St,1166,Creighton,0
1395,TCU,1166,Creighton,1
1166,Creighton,1161,Colorado St,1
1332,Oregon,1166,Creighton,0
1270,McNeese St,1166,Creighton,0
1359,Samford,1166,Creighton,0
1166,Creighton,1103,Akron,1
1389,St Peter's,1166,Creighton,0
1212,Grambling,1166,Creighton,0
1222,Houston,1166,Creighton,1
1266,Marquette,1166,Creighton,1
1246,Kentucky,1166,Creighton,1
1181,Duke,1166,Creighton,1
1458,Wisconsin,1166,Creighton,0
1403,Texas Tech,1166,Creighton,1
1196,Florida,1166,Creighton,0
1304,Nebraska,1166,Creighton,0
1401,Texas A&M,1166,Creighton,1
1166,Creighton,1129,Boise St,1
1301,NC State,1166,Creighton,1
1241,James Madison,1166,Creighton,0
1436,Vermont,1166,Creighton,0
1324,Oakland,1166,Creighton,0
1443,WKU,1166,Creighton,0
1255,Longwood,1166,Creighton,0
1242,Kansas,1242,Kansas,1
1242,Kansas,1211,Gonzaga,1
1376,South Carolina,1242,Kansas,0
1400,Texas,1242,Kansas,1
1429,Utah St,1242,Kansas,0
1395,TCU,1242,Kansas,0
1242,Kansas,1161,Colorado St,1
1332,Oregon,1242,Kansas,0
1270,McNeese St,1242,Kansas,0
1359,Samford,1242,Kansas,0
1242,Kansas,1103,Akron,1
1389,St Peter's,1242,Kansas,0
1242,Kansas,1212,Grambling,1
1242,Kansas,1222,Houston,1
1266,Marquette,1242,Kansas,1
1246,Kentucky,1242,Kansas,1
1242,Kansas,1181,Duke,1
1458,Wisconsin,1242,Kansas,0
1403,Texas Tech,1242,Kansas,0
1242,Kansas,1196,Florida,1
1304,Nebraska,1242,Kansas,0
1401,Texas A&M,1242,Kansas,1
1242,Kansas,1129,Boise St,1
1301,NC State,1242,Kansas,0
1242,Kansas,1241,James Madison,1
1436,Vermont,1242,Kansas,0
1324,Oakland,1242,Kansas,0
1443,WKU,1242,Kansas,0
1255,Longwood,1242,Kansas,0
1211,Gonzaga,1211,Gonzaga,1
1376,South Carolina,1211,Gonzaga,0
1400,Texas,1211,Gonzaga,1
1429,Utah St,1211,Gonzaga,0
1395,TCU,1211,Gonzaga,1
1211,Gonzaga,1161,Colorado St,1
1332,Oregon,1211,Gonzaga,0
1270,McNeese St,1211,Gonzaga,0
1359,Samford,1211,Gonzaga,0
1211,Gonzaga,1103,Akron,1
1389,St Peter's,1211,Gonzaga,0
1212,Grambling,1211,Gonzaga,0
1222,Houston,1211,Gonzaga,1
1266,Marquette,1211,Gonzaga,1
1246,Kentucky,1211,Gonzaga,1
1211,Gonzaga,1181,Duke,0
1458,Wisconsin,1211,Gonzaga,0
1403,Texas Tech,1211,Gonzaga,1
1211,Gonzaga,1196,Florida,1
1304,Nebraska,1211,Gonzaga,0
1401,Texas A&M,1211,Gonzaga,1
1211,Gonzaga,1129,Boise St,1
1301,NC State,1211,Gonzaga,0
1241,James Madison,1211,Gonzaga,0
1436,Vermont,1211,Gonzaga,0
1324,Oakland,1211,Gonzaga,0
1443,WKU,1211,Gonzaga,0
1255,Longwood,1211,Gonzaga,0
1376,South Carolina,1376,South Carolina,1
1400,Texas,1376,South Carolina,1
1429,Utah St,1376,South Carolina,1
1395,TCU,1376,South Carolina,1
1376,South Carolina,1161,Colorado St,0
1376,South Carolina,1332,Oregon,0
1376,South Carolina,1270,McNeese St,1
1376,South Carolina,1359,Samford,1
1376,South Carolina,1103,Akron,1
1389,St Peter's,1376,South Carolina,0
1376,South Carolina,1212,Grambling,0
1376,South Carolina,1222,Houston,0
1376,South Carolina,1266,Marquette,0
1376,South Carolina,1246,Kentucky,0
1376,South Carolina,1181,Duke,0
1458,Wisconsin,1376,South Carolina,1
1403,Texas Tech,1376,South Carolina,1
1376,South Carolina,1196,Florida,0
1376,South Carolina,1304,Nebraska,0
1401,Texas A&M,1376,South Carolina,1
1376,South Carolina,1129,Boise St,0
1376,South Carolina,1301,NC State,0
1376,South Carolina,1241,James Madison,0
1436,Vermont,1376,South Carolina,1
1376,South Carolina,1324,Oakland,1
1443,WKU,1376,South Carolina,1
1376,South Carolina,1255,Longwood,1
1400,Texas,1400,Texas,1
1429,Utah St,1400,Texas,0
1400,Texas,1395,TCU,1
1400,Texas,1161,Colorado St,1
1400,Texas,1332,Oregon,1
1400,Texas,1270,McNeese St,1
1400,Texas,1359,Samford,1
1400,Texas,1103,Akron,1
1400,Texas,1389,St Peter's,1
1400,Texas,1212,Grambling,1
1400,Texas,1222,Houston,1
1400,Texas,1266,Marquette,1
1400,Texas,1246,Kentucky,1
1400,Texas,1181,Duke,1
1458,Wisconsin,1400,Texas,0
1403,Texas Tech,1400,Texas,0
1400,Texas,1196,Florida,1
1400,Texas,1304,Nebraska,1
1401,Texas A&M,1400,Texas,1
1400,Texas,1129,Boise St,1
1400,Texas,1301,NC State,1
1400,Texas,1241,James Madison,1
1436,Vermont,1400,Texas,0
1400,Texas,1324,Oakland,1
1443,WKU,1400,Texas,0
1400,Texas,1255,Longwood,1
1429,Utah St,1429,Utah St,0
1429,Utah St,1395,TCU,0
1429,Utah St,1161,Colorado St,1
1429,Utah St,1332,Oregon,0
1429,Utah St,1270,McNeese St,1
1429,Utah St,1359,Samford,1
1429,Utah St,1103,Akron,1
1429,Utah St,1389,St Peter's,1
1429,Utah St,1212,Grambling,1
1429,Utah St,1222,Houston,0
1429,Utah St,1266,Marquette,0
1429,Utah St,1246,Kentucky,0
1429,Utah St,1181,Duke,0
1458,Wisconsin,1429,Utah St,0
1429,Utah St,1403,Texas Tech,1
1429,Utah St,1196,Florida,0
1429,Utah St,1304,Nebraska,1
1429,Utah St,1401,Texas A&M,1
1429,Utah St,1129,Boise St,1
1429,Utah St,1301,NC State,1
1429,Utah St,1241,James Madison,1
1436,Vermont,1429,Utah St,0
1429,Utah St,1324,Oakland,1
1443,WKU,1429,Utah St,0
1429,Utah St,1255,Longwood,1
1395,TCU,1395,TCU,0
1395,TCU,1161,Colorado St,1
1395,TCU,1332,Oregon,0
1395,TCU,1270,McNeese St,1
1395,TCU,1359,Samford,1
1395,TCU,1103,Akron,1
1395,TCU,1389,St Peter's,1
1395,TCU,1212,Grambling,1
1395,TCU,1222,Houston,1
1395,TCU,1266,Marquette,0
1395,TCU,1246,Kentucky,1
1395,TCU,1181,Duke,0
1458,Wisconsin,1395,TCU,0
1403,Texas Tech,1395,TCU,0
1395,TCU,1196,Florida,1
1395,TCU,1304,Nebraska,1
1401,Texas A&M,1395,TCU,0
1395,TCU,1129,Boise St,1
1395,TCU,1301,NC State,1
1395,TCU,1241,James Madison,1
1436,Vermont,1395,TCU,0
1395,TCU,1324,Oakland,1
1443,WKU,1395,TCU,0
1395,TCU,1255,Longwood,1
1161,Colorado St,1161,Colorado St,1
1332,Oregon,1161,Colorado St,1
1270,McNeese St,1161,Colorado St,0
1359,Samford,1161,Colorado St,0
1161,Colorado St,1103,Akron,1
1389,St Peter's,1161,Colorado St,0
1212,Grambling,1161,Colorado St,0
1222,Houston,1161,Colorado St,1
1266,Marquette,1161,Colorado St,1
1246,Kentucky,1161,Colorado St,1
1181,Duke,1161,Colorado St,1
1458,Wisconsin,1161,Colorado St,1
1403,Texas Tech,1161,Colorado St,1
1196,Florida,1161,Colorado St,1
1304,Nebraska,1161,Colorado St,0
1401,Texas A&M,1161,Colorado St,1
1161,Colorado St,1129,Boise St,1
1301,NC State,1161,Colorado St,1
1241,James Madison,1161,Colorado St,1
1436,Vermont,1161,Colorado St,1
1324,Oakland,1161,Colorado St,0
1443,WKU,1161,Colorado St,0
1255,Longwood,1161,Colorado St,0
1332,Oregon,1332,Oregon,0
1332,Oregon,1270,McNeese St,1
1359,Samford,1332,Oregon,0
1332,Oregon,1103,Akron,1
1389,St Peter's,1332,Oregon,0
1332,Oregon,1212,Grambling,1
1332,Oregon,1222,Houston,0
1332,Oregon,1266,Marquette,0
1332,Oregon,1246,Kentucky,0
1332,Oregon,1181,Duke,0
1458,Wisconsin,1332,Oregon,0
1403,Texas Tech,1332,Oregon,0
1332,Oregon,1196,Florida,0
1332,Oregon,1304,Nebraska,0
1401,Texas A&M,1332,Oregon,1
1332,Oregon,1129,Boise St,1
1332,Oregon,1301,NC State,1
1332,Oregon,1241,James Madison,1
1436,Vermont,1332,Oregon,0
1332,Oregon,1324,Oakland,1
1443,WKU,1332,Oregon,0
1332,Oregon,1255,Longwood,1
1270,McNeese St,1270,McNeese St,0
1359,Samford,1270,McNeese St,1
1270,McNeese St,1103,Akron,0
1389,St Peter's,1270,McNeese St,0
1270,McNeese St,1212,Grambling,0
1270,McNeese St,1222,Houston,0
1270,McNeese St,1266,Marquette,0
1270,McNeese St,1246,Kentucky,0
1270,McNeese St,1181,Duke,0
1458,Wisconsin,1270,McNeese St,1
1403,Texas Tech,1270,McNeese St,1
1270,McNeese St,1196,Florida,0
1304,Nebraska,1270,McNeese St,1
1401,Texas A&M,1270,McNeese St,1
1270,McNeese St,1129,Boise St,0
1301,NC State,1270,McNeese St,1
1270,McNeese St,1241,James Madison,0
1436,Vermont,1270,McNeese St,1
1324,Oakland,1270,McNeese St,1
1443,WKU,1270,McNeese St,1
1270,McNeese St,1255,Longwood,0
1359,Samford,1359,Samford,0
1359,Samford,1103,Akron,0
1389,St Peter's,1359,Samford,0
1359,Samford,1212,Grambling,0
1359,Samford,1222,Houston,0
1359,Samford,1266,Marquette,0
1359,Samford,1246,Kentucky,0
1359,Samford,1181,Duke,0
1458,Wisconsin,1359,Samford,1
1403,Texas Tech,1359,Samford,1
1359,Samford,1196,Florida,0
1359,Samford,1304,Nebraska,0
1401,Texas A&M,1359,Samford,1
1359,Samford,1129,Boise St,0
1359,Samford,1301,NC State,0
1359,Samford,1241,James Madison,0
1436,Vermont,1359,Samford,1
1359,Samford,1324,Oakland,1
1443,WKU,1359,Samford,0
1359,Samford,1255,Longwood,0
1103,Akron,1103,Akron,1
1389,St Peter's,1103,Akron,0
1212,Grambling,1103,Akron,0
1222,Houston,1103,Akron,1
1266,Marquette,1103,Akron,1
1246,Kentucky,1103,Akron,1
1181,Duke,1103,Akron,1
1458,Wisconsin,1103,Akron,1
1403,Texas Tech,1103,Akron,1
1196,Florida,1103,Akron,1
1304,Nebraska,1103,Akron,0
1401,Texas A&M,1103,Akron,1
1129,Boise St,1103,Akron,1
1301,NC State,1103,Akron,1
1241,James Madison,1103,Akron,1
1436,Vermont,1103,Akron,1
1324,Oakland,1103,Akron,0
1443,WKU,1103,Akron,1
1255,Longwood,1103,Akron,1
1389,St Peter's,1389,St Peter's,0
1389,St Peter's,1212,Grambling,0
1389,St Peter's,1222,Houston,0
1389,St Peter's,1266,Marquette,0
1389,St Peter's,1246,Kentucky,0
1389,St Peter's,1181,Duke,0
1458,Wisconsin,1389,St Peter's,1
1403,Texas Tech,1389,St Peter's,1
1389,St Peter's,1196,Florida,0
1389,St Peter's,1304,Nebraska,0
1401,Texas A&M,1389,St Peter's,1
1389,St Peter's,1129,Boise St,0
1389,St Peter's,1301,NC State,0
1389,St Peter's,1241,James Madison,0
1436,Vermont,1389,St Peter's,1
1389,St Peter's,1324,Oakland,0
1443,WKU,1389,St Peter's,1
1389,St Peter's,1255,Longwood,0
1212,Grambling,1212,Grambling,0
1222,Houston,1212,Grambling,1
1266,Marquette,1212,Grambling,1
1246,Kentucky,1212,Grambling,1
1212,Grambling,1181,Duke,0
1458,Wisconsin,1212,Grambling,1
1403,Texas Tech,1212,Grambling,1
1212,Grambling,1196,Florida,0
1304,Nebraska,1212,Grambling,0
1401,Texas A&M,1212,Grambling,1
1212,Grambling,1129,Boise St,0
1301,NC State,1212,Grambling,1
1241,James Madison,1212,Grambling,1
1436,Vermont,1212,Grambling,1
1324,Oakland,1212,Grambling,0
1443,WKU,1212,Grambling,0
1255,Longwood,1212,Grambling,0
1222,Houston,1222,Houston,1
1266,Marquette,1222,Houston,1
1246,Kentucky,1222,Houston,1
1222,Houston,1181,Duke,1
1458,Wisconsin,1222,Houston,0
1403,Texas Tech,1222,Houston,1
1222,Houston,1196,Florida,1
1304,Nebraska,1222,Houston,0
1401,Texas A&M,1222,Houston,1
1222,Houston,1129,Boise St,1
1301,NC State,1222,Houston,0
1241,James Madison,1222,Houston,0
1436,Vermont,1222,Houston,0
1324,Oakland,1222,Houston,0
1443,WKU,1222,Houston,0
1255,Longwood,1222,Houston,0
1266,Marquette,1266,Marquette,1
1266,Marquette,1246,Kentucky,1
1266,Marquette,1181,Duke,1
1458,Wisconsin,1266,Marquette,0
1403,Texas Tech,1266,Marquette,0
1266,Marquette,1196,Florida,1
1304,Nebraska,1266,Marquette,0
1401,Texas A&M,1266,Marquette,0
1266,Marquette,1129,Boise St,1
1301,NC State,1266,Marquette,0
1266,Marquette,1241,James Madison,1
1436,Vermont,1266,Marquette,0
1324,Oakland,1266,Marquette,0
1443,WKU,1266,Marquette,0
1266,Marquette,1255,Longwood,1
1246,Kentucky,1246,Kentucky,1
1246,Kentucky,1181,Duke,1
1458,Wisconsin,1246,Kentucky,0
1403,Texas Tech,1246,Kentucky,1
1246,Kentucky,1196,Florida,1
1304,Nebraska,1246,Kentucky,0
1401,Texas A&M,1246,Kentucky,1
1246,Kentucky,1129,Boise St,1
1301,NC State,1246,Kentucky,1
1246,Kentucky,1241,James Madison,1
1436,Vermont,1246,Kentucky,0
1324,Oakland,1246,Kentucky,0
1443,WKU,1246,Kentucky,0
1255,Longwood,1246,Kentucky,0
1181,Duke,1181,Duke,1
1458,Wisconsin,1181,Duke,0
1403,Texas Tech,1181,Duke,0
1196,Florida,1181,Duke,0
1304,Nebraska,1181,Duke,0
1401,Texas A&M,1181,Duke,1
1181,Duke,1129,Boise St,1
1301,NC State,1181,Duke,0
1241,James Madison,1181,Duke,0
1436,Vermont,1181,Duke,0
1324,Oakland,1181,Duke,0
1443,WKU,1181,Duke,0
1255,Longwood,1181,Duke,0
1458,Wisconsin,1458,Wisconsin,0
1458,Wisconsin,1403,Texas Tech,0
1458,Wisconsin,1196,Florida,0
1458,Wisconsin,1304,Nebraska,0
1458,Wisconsin,1401,Texas A&M,0
1458,Wisconsin,1129,Boise St,1
1458,Wisconsin,1301,NC State,0
1458,Wisconsin,1241,James Madison,0
1458,Wisconsin,1436,Vermont,1
1458,Wisconsin,1324,Oakland,1
1458,Wisconsin,1443,WKU,1
1458,Wisconsin,1255,Longwood,1
1403,Texas Tech,1403,Texas Tech,1
1403,Texas Tech,1196,Florida,1
1403,Texas Tech,1304,Nebraska,1
1403,Texas Tech,1401,Texas A&M,1
1403,Texas Tech,1129,Boise St,1
1403,Texas Tech,1301,NC State,1
1403,Texas Tech,1241,James Madison,1
1436,Vermont,1403,Texas Tech,0
1403,Texas Tech,1324,Oakland,1
1443,WKU,1403,Texas Tech,0
1403,Texas Tech,1255,Longwood,1
1196,Florida,1196,Florida,0
1304,Nebraska,1196,Florida,0
1401,Texas A&M,1196,Florida,1
1196,Florida,1129,Boise St,1
1301,NC State,1196,Florida,1
1241,James Madison,1196,Florida,0
1436,Vermont,1196,Florida,0
1324,Oakland,1196,Florida,0
1443,WKU,1196,Florida,0
1255,Longwood,1196,Florida,0
1304,Nebraska,1304,Nebraska,0
1401,Texas A&M,1304,Nebraska,1
1304,Nebraska,1129,Boise St,0
1304,Nebraska,1301,NC State,0
1304,Nebraska,1241,James Madison,0
1436,Vermont,1304,Nebraska,0
1324,Oakland,1304,Nebraska,0
1443,WKU,1304,Nebraska,0
1304,Nebraska,1255,Longwood,0
1401,Texas A&M,1401,Texas A&M,1
1401,Texas A&M,1129,Boise St,1
1401,Texas A&M,1301,NC State,1
1401,Texas A&M,1241,James Madison,1
1436,Vermont,1401,Texas A&M,0
1401,Texas A&M,1324,Oakland,1
1443,WKU,1401,Texas A&M,0
1401,Texas A&M,1255,Longwood,1
1129,Boise St,1129,Boise St,1
1301,NC State,1129,Boise St,1
1241,James Madison,1129,Boise St,0
1436,Vermont,1129,Boise St,0
1324,Oakland,1129,Boise St,0
1443,WKU,1129,Boise St,0
1255,Longwood,1129,Boise St,0
1301,NC State,1301,NC State,1
1301,NC State,1241,James Madison,1
1436,Vermont,1301,NC State,0
1324,Oakland,1301,NC State,0
1443,WKU,1301,NC State,0
1301,NC State,1255,Longwood,1
1241,James Madison,1241,James Madison,0
1436,Vermont,1241,James Madison,0
1324,Oakland,1241,James Madison,0
1443,WKU,1241,James Madison,0
1255,Longwood,1241,James Madison,0
1436,Vermont,1436,Vermont,1
1436,Vermont,1324,Oakland,1
1443,WKU,1436,Vermont,0
1436,Vermont,1255,Longwood,1
1324,Oakland,1324,Oakland,1
1443,WKU,1324,Oakland,1
1324,Oakland,1255,Longwood,0
1443,WKU,1443,WKU,1
1443,WKU,1255,Longwood,1
1255,Longwood,1255,Longwood,1
